delivery_id,product_id,quantity_delivered,delivery_date,customer_name,status
DEL-2026001,42-220-9305,12,12/11/2026,Green Grocers Inc,Done
DEL-2026002,78-614-4402,6,2/14/2026,Urban Fresh Market,Done
DEL-2026003,79-136-9840,22,8/19/2026,Daily Needs Mart,Done
DEL-2026004,63-270-7076,20,6/12/2026,QuickBite Logistics,Done
DEL-2026005,68-761-6907,19,7/21/2026,Apex Retailers,Done
DEL-2026006,20-225-3930,13,2/29/2026,Metro Supermarkets,Done
DEL-2026007,39-232-5341,11,10/24/2026,Green Grocers Inc,Done
DEL-2026008,70-871-4536,39,11/13/2026,Urban Fresh Market,Done
DEL-2026009,60-343-7973,10,4/29/2026,Daily Needs Mart,Done
DEL-2026010,31-969-4614,32,6/6/2026,QuickBite Logistics,Done
DEL-2026011,40-860-4532,7,2/27/2026,Apex Retailers,Done
DEL-2026012,90-737-0044,6,1/17/2026,Metro Supermarkets,Done
DEL-2026013,58-063-8633,10,6/30/2026,Green Grocers Inc,Done
DEL-2026014,48-957-6116,18,5/16/2026,Urban Fresh Market,Done
DEL-2026015,67-473-7093,19,3/20/2026,Daily Needs Mart,Done
DEL-2026016,58-182-6781,37,6/29/2026,QuickBite Logistics,Done
DEL-2026017,53-080-8252,6,9/24/2026,Apex Retailers,Done
DEL-2026018,70-587-1204,40,7/15/2026,Metro Supermarkets,Done
DEL-2026019,08-703-1382,17,3/6/2026,Green Grocers Inc,Done
DEL-2026020,01-173-0029,39,7/5/2026,Urban Fresh Market,Done
DEL-2026021,35-617-3857,31,3/21/2026,Daily Needs Mart,Done
DEL-2026022,61-607-7622,19,2/21/2026,QuickBite Logistics,Done
DEL-2026023,90-773-9557,33,6/30/2026,Apex Retailers,Done
DEL-2026024,94-190-5193,22,11/21/2026,Metro Supermarkets,Done
DEL-2026025,62-795-7801,5,7/28/2026,Green Grocers Inc,Done
DEL-2026026,14-550-2152,15,6/18/2026,Urban Fresh Market,Done
DEL-2026027,87-997-0228,32,10/24/2026,Daily Needs Mart,Done
DEL-2026028,15-045-8444,26,7/12/2026,QuickBite Logistics,Done
DEL-2026029,82-380-5378,22,6/3/2026,Apex Retailers,Done
DEL-2026030,57-903-6434,14,3/10/2026,Metro Supermarkets,Done
DEL-2026031,03-919-9890,18,12/7/2026,Green Grocers Inc,Done
DEL-2026032,47-663-5703,26,6/14/2026,Urban Fresh Market,Done
DEL-2026033,89-181-4523,11,6/23/2026,Daily Needs Mart,Done
DEL-2026034,27-881-1177,10,7/3/2026,QuickBite Logistics,Done
DEL-2026035,17-022-9721,29,12/13/2026,Apex Retailers,Done
DEL-2026036,01-703-8441,11,1/1/2026,Metro Supermarkets,Done
DEL-2026037,60-456-8169,27,2/28/2026,Green Grocers Inc,Done
DEL-2026038,98-858-6323,27,1/7/2026,Urban Fresh Market,Done
DEL-2026039,55-803-3964,21,8/26/2026,Daily Needs Mart,Done
DEL-2026040,11-155-7826,7,1/31/2026,QuickBite Logistics,Done
DEL-2026041,88-586-8797,34,8/25/2026,Apex Retailers,Done
DEL-2026042,21-693-8216,39,9/3/2026,Metro Supermarkets,Done
DEL-2026043,96-334-2593,12,6/27/2026,Green Grocers Inc,Done
DEL-2026044,33-440-2588,29,9/16/2026,Urban Fresh Market,Done
DEL-2026045,06-858-5680,10,1/12/2026,Daily Needs Mart,Done
DEL-2026046,33-507-9886,40,8/19/2026,QuickBite Logistics,Done
DEL-2026047,49-730-0159,23,12/10/2026,Apex Retailers,Done
DEL-2026048,74-305-1263,28,7/10/2026,Metro Supermarkets,Done
DEL-2026049,93-015-0811,17,8/5/2026,Green Grocers Inc,Done
DEL-2026050,47-843-8207,9,4/10/2026,Urban Fresh Market,Done
DEL-2026051,37-567-3218,7,10/31/2026,Daily Needs Mart,Done
DEL-2026052,47-866-6589,19,2/3/2026,QuickBite Logistics,Done
DEL-2026053,10-445-0741,23,7/11/2026,Apex Retailers,Done
DEL-2026054,63-162-9244,10,8/11/2026,Metro Supermarkets,Done
DEL-2026055,11-053-0107,19,7/12/2026,Green Grocers Inc,Done
DEL-2026056,08-495-6853,11,1/13/2026,Urban Fresh Market,Done
DEL-2026057,93-772-3085,29,7/18/2026,Daily Needs Mart,Done
DEL-2026058,48-770-6319,22,11/21/2026,QuickBite Logistics,Done
DEL-2026059,08-226-5155,34,5/1/2026,Apex Retailers,Done
DEL-2026060,50-930-4751,28,6/24/2026,Metro Supermarkets,Done
DEL-2026061,86-672-4191,15,9/29/2026,Green Grocers Inc,Done
DEL-2026062,56-657-4387,28,2/29/2026,Urban Fresh Market,Done
DEL-2026063,66-327-2821,27,4/10/2026,Daily Needs Mart,Done
DEL-2026064,92-837-8839,18,1/16/2026,QuickBite Logistics,Done
DEL-2026065,42-907-6946,22,1/1/2026,Apex Retailers,Done
DEL-2026066,93-014-4256,9,1/11/2026,Metro Supermarkets,Done
DEL-2026067,64-119-7804,15,3/6/2026,Green Grocers Inc,Done
DEL-2026068,92-152-5820,39,5/1/2026,Urban Fresh Market,Done
DEL-2026069,61-293-6327,20,12/29/2026,Daily Needs Mart,Done
DEL-2026070,05-184-4175,15,10/23/2026,QuickBite Logistics,Done
DEL-2026071,77-377-1659,34,1/22/2026,Apex Retailers,Done
DEL-2026072,45-250-4679,29,11/23/2026,Metro Supermarkets,Done
DEL-2026073,27-495-1912,22,2/29/2026,Green Grocers Inc,Done
DEL-2026074,10-555-5971,40,12/2/2026,Urban Fresh Market,Done
DEL-2026075,38-617-7226,19,6/19/2026,Daily Needs Mart,Done
DEL-2026076,63-874-9747,25,12/9/2026,QuickBite Logistics,Done
DEL-2026077,57-763-5501,8,4/7/2026,Apex Retailers,Done
DEL-2026078,37-248-6266,19,10/17/2026,Metro Supermarkets,Done
DEL-2026079,89-335-0155,7,9/11/2026,Green Grocers Inc,Done
DEL-2026080,44-368-7112,25,5/2/2026,Urban Fresh Market,Done
DEL-2026081,28-275-5901,30,4/23/2026,Daily Needs Mart,Done
DEL-2026082,44-128-2185,22,7/10/2026,QuickBite Logistics,Done
DEL-2026083,45-050-4720,9,7/5/2026,Apex Retailers,Done
DEL-2026084,68-436-1268,18,8/17/2026,Metro Supermarkets,Done
DEL-2026085,36-177-0573,25,10/2/2026,Green Grocers Inc,Done
DEL-2026086,13-900-9016,18,1/6/2026,Urban Fresh Market,Done
DEL-2026087,34-709-9237,36,3/13/2026,Daily Needs Mart,Done
DEL-2026088,82-231-4245,30,8/28/2026,QuickBite Logistics,Done
DEL-2026089,54-830-6971,34,12/25/2026,Apex Retailers,Done
DEL-2026090,29-205-1132,14,6/29/2026,Metro Supermarkets,Done
DEL-2026091,42-220-9305,21,12/11/2026,Green Grocers Inc,Done
DEL-2026092,78-614-4402,13,2/14/2026,Urban Fresh Market,Done
DEL-2026093,79-136-9840,20,8/19/2026,Daily Needs Mart,Done
DEL-2026094,63-270-7076,40,6/12/2026,QuickBite Logistics,Done
DEL-2026095,68-761-6907,39,7/21/2026,Apex Retailers,Done
DEL-2026096,20-225-3930,21,2/29/2026,Metro Supermarkets,Done
DEL-2026097,39-232-5341,32,10/24/2026,Green Grocers Inc,Done
DEL-2026098,70-871-4536,30,11/13/2026,Urban Fresh Market,Done
DEL-2026099,60-343-7973,28,4/29/2026,Daily Needs Mart,Done
DEL-2026100,31-969-4614,19,6/6/2026,QuickBite Logistics,Done
DEL-2026101,40-860-4532,13,2/27/2026,Apex Retailers,Done
DEL-2026102,90-737-0044,37,1/17/2026,Metro Supermarkets,Done
DEL-2026103,58-063-8633,36,6/30/2026,Green Grocers Inc,Done
DEL-2026104,48-957-6116,10,5/16/2026,Urban Fresh Market,Done
DEL-2026105,67-473-7093,8,3/20/2026,Daily Needs Mart,Done
DEL-2026106,58-182-6781,12,6/29/2026,QuickBite Logistics,Done
DEL-2026107,53-080-8252,14,9/24/2026,Apex Retailers,Done
DEL-2026108,70-587-1204,15,7/15/2026,Metro Supermarkets,Done
DEL-2026109,08-703-1382,32,3/6/2026,Green Grocers Inc,Done
DEL-2026110,01-173-0029,9,7/5/2026,Urban Fresh Market,Done
DEL-2026111,35-617-3857,29,3/21/2026,Daily Needs Mart,Done
DEL-2026112,61-607-7622,29,2/21/2026,QuickBite Logistics,Done
DEL-2026113,90-773-9557,34,6/30/2026,Apex Retailers,Done
DEL-2026114,94-190-5193,38,11/21/2026,Metro Supermarkets,Done
DEL-2026115,62-795-7801,21,7/28/2026,Green Grocers Inc,Done
DEL-2026116,14-550-2152,40,6/18/2026,Urban Fresh Market,Done
DEL-2026117,87-997-0228,5,10/24/2026,Daily Needs Mart,Done
DEL-2026118,15-045-8444,12,7/12/2026,QuickBite Logistics,Done
DEL-2026119,82-380-5378,39,6/3/2026,Apex Retailers,Done
DEL-2026120,57-903-6434,22,3/10/2026,Metro Supermarkets,Done
DEL-2026121,03-919-9890,26,12/7/2026,Green Grocers Inc,Done
DEL-2026122,47-663-5703,12,6/14/2026,Urban Fresh Market,Done
DEL-2026123,89-181-4523,23,6/23/2026,Daily Needs Mart,Done
DEL-2026124,27-881-1177,32,7/3/2026,QuickBite Logistics,Done
DEL-2026125,17-022-9721,15,12/13/2026,Apex Retailers,Done
DEL-2026126,01-703-8441,34,1/1/2026,Metro Supermarkets,Ready
DEL-2026127,60-456-8169,5,2/28/2026,Green Grocers Inc,Ready
DEL-2026128,98-858-6323,21,1/7/2026,Urban Fresh Market,Ready
DEL-2026129,55-803-3964,37,8/26/2026,Daily Needs Mart,Ready
DEL-2026130,11-155-7826,16,1/31/2026,QuickBite Logistics,Ready
DEL-2026131,88-586-8797,37,8/25/2026,Apex Retailers,Ready
DEL-2026132,21-693-8216,11,9/3/2026,Metro Supermarkets,Ready
DEL-2026133,96-334-2593,24,6/27/2026,Green Grocers Inc,Ready
DEL-2026134,33-440-2588,37,9/16/2026,Urban Fresh Market,Ready
DEL-2026135,06-858-5680,17,1/12/2026,Daily Needs Mart,Ready
DEL-2026136,33-507-9886,14,8/19/2026,QuickBite Logistics,Ready
DEL-2026137,49-730-0159,28,12/10/2026,Apex Retailers,Ready
DEL-2026138,74-305-1263,15,7/10/2026,Metro Supermarkets,Ready
DEL-2026139,93-015-0811,39,8/5/2026,Green Grocers Inc,Ready
DEL-2026140,47-843-8207,38,4/10/2026,Urban Fresh Market,Ready
DEL-2026141,37-567-3218,5,10/31/2026,Daily Needs Mart,Waiting
DEL-2026142,47-866-6589,25,2/3/2026,QuickBite Logistics,Waiting
DEL-2026143,10-445-0741,36,7/11/2026,Apex Retailers,Waiting
DEL-2026144,63-162-9244,6,8/11/2026,Metro Supermarkets,Waiting
DEL-2026145,11-053-0107,12,7/12/2026,Green Grocers Inc,Waiting
DEL-2026146,08-495-6853,28,1/13/2026,Urban Fresh Market,Waiting
DEL-2026147,93-772-3085,24,7/18/2026,Daily Needs Mart,Waiting
DEL-2026148,48-770-6319,20,11/21/2026,QuickBite Logistics,Waiting
DEL-2026149,08-226-5155,8,5/1/2026,Apex Retailers,Waiting
DEL-2026150,50-930-4751,20,6/24/2026,Metro Supermarkets,Waiting
