move_id,product_id,movement_type,from_location,to_location,quantity,timestamp,reference_id
MOV-2026001,39-629-5554,Receipt,Vendors / Supplier,Main Warehouse / Stock,17,2/3/2026 09:30:00,REC-2026001
MOV-2026002,22-621-2774,Receipt,Vendors / Supplier,Main Warehouse / Stock,16,3/11/2026 09:30:00,REC-2026002
MOV-2026003,66-627-9752,Receipt,Vendors / Supplier,Main Warehouse / Stock,48,8/17/2026 09:30:00,REC-2026003
MOV-2026004,31-211-5803,Receipt,Vendors / Supplier,Main Warehouse / Stock,32,7/16/2026 09:30:00,REC-2026004
MOV-2026005,91-848-0606,Receipt,Vendors / Supplier,Main Warehouse / Stock,73,6/11/2026 09:30:00,REC-2026005
MOV-2026006,21-816-1004,Receipt,Vendors / Supplier,Main Warehouse / Stock,88,1/26/2026 09:30:00,REC-2026006
MOV-2026007,70-854-6891,Receipt,Vendors / Supplier,Main Warehouse / Stock,90,1/28/2026 09:30:00,REC-2026007
MOV-2026008,69-468-5468,Receipt,Vendors / Supplier,Main Warehouse / Stock,6,11/3/2026 09:30:00,REC-2026008
MOV-2026009,65-718-0492,Receipt,Vendors / Supplier,Main Warehouse / Stock,26,5/5/2026 09:30:00,REC-2026009
MOV-2026010,44-408-7594,Receipt,Vendors / Supplier,Main Warehouse / Stock,5,11/24/2026 09:30:00,REC-2026010
MOV-2026011,39-232-5341,Receipt,Vendors / Supplier,Main Warehouse / Stock,74,9/21/2026 09:30:00,REC-2026011
MOV-2026012,13-844-2178,Receipt,Vendors / Supplier,Main Warehouse / Stock,48,9/5/2026 09:30:00,REC-2026012
MOV-2026013,82-395-5070,Receipt,Vendors / Supplier,Main Warehouse / Stock,17,7/9/2026 09:30:00,REC-2026013
MOV-2026014,80-988-4653,Receipt,Vendors / Supplier,Main Warehouse / Stock,85,4/20/2026 09:30:00,REC-2026014
MOV-2026015,64-478-4745,Receipt,Vendors / Supplier,Main Warehouse / Stock,94,6/4/2026 09:30:00,REC-2026015
MOV-2026016,61-827-4098,Receipt,Vendors / Supplier,Main Warehouse / Stock,87,2/1/2026 09:30:00,REC-2026016
MOV-2026017,15-907-3681,Receipt,Vendors / Supplier,Main Warehouse / Stock,21,11/28/2026 09:30:00,REC-2026017
MOV-2026018,29-896-7926,Receipt,Vendors / Supplier,Main Warehouse / Stock,56,1/6/2026 09:30:00,REC-2026018
MOV-2026019,28-956-1320,Receipt,Vendors / Supplier,Main Warehouse / Stock,98,5/23/2026 09:30:00,REC-2026019
MOV-2026020,02-655-3240,Receipt,Vendors / Supplier,Main Warehouse / Stock,52,10/25/2026 09:30:00,REC-2026020
MOV-2026021,81-605-6246,Receipt,Vendors / Supplier,Main Warehouse / Stock,49,1/26/2026 09:30:00,REC-2026021
MOV-2026022,48-957-6116,Receipt,Vendors / Supplier,Main Warehouse / Stock,9,5/30/2026 09:30:00,REC-2026022
MOV-2026023,80-374-5711,Receipt,Vendors / Supplier,Main Warehouse / Stock,81,1/28/2026 09:30:00,REC-2026023
MOV-2026024,97-040-3822,Receipt,Vendors / Supplier,Main Warehouse / Stock,73,5/12/2026 09:30:00,REC-2026024
MOV-2026025,46-931-6897,Receipt,Vendors / Supplier,Main Warehouse / Stock,26,9/21/2026 09:30:00,REC-2026025
MOV-2026026,01-144-5960,Receipt,Vendors / Supplier,Main Warehouse / Stock,99,10/20/2026 09:30:00,REC-2026026
MOV-2026027,96-503-7712,Receipt,Vendors / Supplier,Main Warehouse / Stock,82,5/25/2026 09:30:00,REC-2026027
MOV-2026028,06-690-2335,Receipt,Vendors / Supplier,Main Warehouse / Stock,6,2/22/2026 09:30:00,REC-2026028
MOV-2026029,30-832-5429,Receipt,Vendors / Supplier,Main Warehouse / Stock,46,1/10/2026 09:30:00,REC-2026029
MOV-2026030,65-282-0419,Receipt,Vendors / Supplier,Main Warehouse / Stock,91,12/28/2026 09:30:00,REC-2026030
MOV-2026031,77-013-1553,Receipt,Vendors / Supplier,Main Warehouse / Stock,66,4/10/2026 09:30:00,REC-2026031
MOV-2026032,57-562-2358,Receipt,Vendors / Supplier,Main Warehouse / Stock,76,6/17/2026 09:30:00,REC-2026032
MOV-2026033,35-617-3857,Receipt,Vendors / Supplier,Main Warehouse / Stock,89,1/4/2026 09:30:00,REC-2026033
MOV-2026034,85-440-3667,Receipt,Vendors / Supplier,Main Warehouse / Stock,31,8/6/2026 09:30:00,REC-2026034
MOV-2026035,59-075-2457,Receipt,Vendors / Supplier,Main Warehouse / Stock,15,8/21/2026 09:30:00,REC-2026035
MOV-2026036,34-928-2775,Receipt,Vendors / Supplier,Main Warehouse / Stock,25,12/18/2026 09:30:00,REC-2026036
MOV-2026037,95-349-0828,Receipt,Vendors / Supplier,Main Warehouse / Stock,84,9/27/2026 09:30:00,REC-2026037
MOV-2026038,84-629-1532,Receipt,Vendors / Supplier,Main Warehouse / Stock,25,2/25/2026 09:30:00,REC-2026038
MOV-2026039,83-763-5038,Receipt,Vendors / Supplier,Main Warehouse / Stock,54,11/22/2026 09:30:00,REC-2026039
MOV-2026040,56-668-5370,Receipt,Vendors / Supplier,Main Warehouse / Stock,21,11/26/2026 09:30:00,REC-2026040
MOV-2026041,39-315-3936,Receipt,Vendors / Supplier,Main Warehouse / Stock,72,2/21/2026 09:30:00,REC-2026041
MOV-2026042,94-020-6982,Receipt,Vendors / Supplier,Main Warehouse / Stock,27,1/2/2026 09:30:00,REC-2026042
MOV-2026043,84-272-0790,Receipt,Vendors / Supplier,Main Warehouse / Stock,44,5/23/2026 09:30:00,REC-2026043
MOV-2026044,15-045-8444,Receipt,Vendors / Supplier,Main Warehouse / Stock,93,3/4/2026 09:30:00,REC-2026044
MOV-2026045,65-759-3721,Receipt,Vendors / Supplier,Main Warehouse / Stock,67,6/16/2026 09:30:00,REC-2026045
MOV-2026046,74-943-9034,Receipt,Vendors / Supplier,Main Warehouse / Stock,34,7/11/2026 09:30:00,REC-2026046
MOV-2026047,22-319-1377,Receipt,Vendors / Supplier,Main Warehouse / Stock,93,7/23/2026 09:30:00,REC-2026047
MOV-2026048,39-768-8205,Receipt,Vendors / Supplier,Main Warehouse / Stock,29,2/28/2026 09:30:00,REC-2026048
MOV-2026049,08-213-2058,Receipt,Vendors / Supplier,Main Warehouse / Stock,14,7/28/2026 09:30:00,REC-2026049
MOV-2026050,21-718-6746,Receipt,Vendors / Supplier,Main Warehouse / Stock,12,6/11/2026 09:30:00,REC-2026050
MOV-2026051,49-919-8798,Receipt,Vendors / Supplier,Main Warehouse / Stock,91,6/19/2026 09:30:00,REC-2026051
MOV-2026052,95-354-8583,Receipt,Vendors / Supplier,Main Warehouse / Stock,93,2/19/2026 09:30:00,REC-2026052
MOV-2026053,73-942-0508,Receipt,Vendors / Supplier,Main Warehouse / Stock,94,7/20/2026 09:30:00,REC-2026053
MOV-2026054,65-644-1394,Receipt,Vendors / Supplier,Main Warehouse / Stock,36,7/29/2026 09:30:00,REC-2026054
MOV-2026055,17-022-9721,Receipt,Vendors / Supplier,Main Warehouse / Stock,99,11/8/2026 09:30:00,REC-2026055
MOV-2026056,27-757-4489,Receipt,Vendors / Supplier,Main Warehouse / Stock,68,4/12/2026 09:30:00,REC-2026056
MOV-2026057,06-849-4869,Receipt,Vendors / Supplier,Main Warehouse / Stock,16,5/13/2026 09:30:00,REC-2026057
MOV-2026058,27-783-5470,Receipt,Vendors / Supplier,Main Warehouse / Stock,5,1/30/2026 09:30:00,REC-2026058
MOV-2026059,34-131-8805,Receipt,Vendors / Supplier,Main Warehouse / Stock,28,1/21/2026 09:30:00,REC-2026059
MOV-2026060,43-164-5984,Receipt,Vendors / Supplier,Main Warehouse / Stock,35,4/13/2026 09:30:00,REC-2026060
MOV-2026061,70-145-2550,Receipt,Vendors / Supplier,Main Warehouse / Stock,37,5/1/2026 09:30:00,REC-2026061
MOV-2026062,40-683-0283,Receipt,Vendors / Supplier,Main Warehouse / Stock,78,8/17/2026 09:30:00,REC-2026062
MOV-2026063,99-543-5039,Receipt,Vendors / Supplier,Main Warehouse / Stock,20,1/28/2026 09:30:00,REC-2026063
MOV-2026064,76-401-7083,Receipt,Vendors / Supplier,Main Warehouse / Stock,87,9/3/2026 09:30:00,REC-2026064
MOV-2026065,26-134-9069,Receipt,Vendors / Supplier,Main Warehouse / Stock,8,3/10/2026 09:30:00,REC-2026065
MOV-2026066,21-693-8216,Receipt,Vendors / Supplier,Main Warehouse / Stock,85,2/26/2026 09:30:00,REC-2026066
MOV-2026067,65-368-2479,Receipt,Vendors / Supplier,Main Warehouse / Stock,59,8/15/2026 09:30:00,REC-2026067
MOV-2026068,95-357-2870,Receipt,Vendors / Supplier,Main Warehouse / Stock,80,3/18/2026 09:30:00,REC-2026068
MOV-2026069,08-961-3009,Receipt,Vendors / Supplier,Main Warehouse / Stock,6,6/2/2026 09:30:00,REC-2026069
MOV-2026070,16-632-1308,Receipt,Vendors / Supplier,Main Warehouse / Stock,15,3/27/2026 09:30:00,REC-2026070
MOV-2026071,12-046-2988,Receipt,Vendors / Supplier,Main Warehouse / Stock,66,1/25/2026 09:30:00,REC-2026071
MOV-2026072,33-807-7247,Receipt,Vendors / Supplier,Main Warehouse / Stock,26,6/23/2026 09:30:00,REC-2026072
MOV-2026073,64-854-8664,Receipt,Vendors / Supplier,Main Warehouse / Stock,36,8/16/2026 09:30:00,REC-2026073
MOV-2026074,70-534-7796,Receipt,Vendors / Supplier,Main Warehouse / Stock,31,2/19/2026 09:30:00,REC-2026074
MOV-2026075,46-632-8420,Receipt,Vendors / Supplier,Main Warehouse / Stock,4,3/8/2026 09:30:00,REC-2026075
MOV-2026076,86-482-6451,Receipt,Vendors / Supplier,Main Warehouse / Stock,61,5/5/2026 09:30:00,REC-2026076
MOV-2026077,93-015-0811,Receipt,Vendors / Supplier,Main Warehouse / Stock,58,11/26/2026 09:30:00,REC-2026077
MOV-2026078,51-934-9117,Receipt,Vendors / Supplier,Main Warehouse / Stock,4,8/25/2026 09:30:00,REC-2026078
MOV-2026079,09-712-3630,Receipt,Vendors / Supplier,Main Warehouse / Stock,2,7/9/2026 09:30:00,REC-2026079
MOV-2026080,15-169-8058,Receipt,Vendors / Supplier,Main Warehouse / Stock,28,6/12/2026 09:30:00,REC-2026080
MOV-2026081,07-389-5740,Receipt,Vendors / Supplier,Main Warehouse / Stock,69,1/3/2026 09:30:00,REC-2026081
MOV-2026082,90-343-9640,Receipt,Vendors / Supplier,Main Warehouse / Stock,100,7/1/2026 09:30:00,REC-2026082
MOV-2026083,83-117-7658,Receipt,Vendors / Supplier,Main Warehouse / Stock,81,4/5/2026 09:30:00,REC-2026083
MOV-2026084,76-070-1411,Receipt,Vendors / Supplier,Main Warehouse / Stock,78,2/1/2026 09:30:00,REC-2026084
MOV-2026085,91-417-0366,Receipt,Vendors / Supplier,Main Warehouse / Stock,100,6/7/2026 09:30:00,REC-2026085
MOV-2026086,17-395-1121,Receipt,Vendors / Supplier,Main Warehouse / Stock,74,11/18/2026 09:30:00,REC-2026086
MOV-2026087,06-068-6793,Receipt,Vendors / Supplier,Main Warehouse / Stock,68,7/20/2026 09:30:00,REC-2026087
MOV-2026088,08-495-6853,Receipt,Vendors / Supplier,Main Warehouse / Stock,6,12/27/2026 09:30:00,REC-2026088
MOV-2026089,44-782-1395,Receipt,Vendors / Supplier,Main Warehouse / Stock,68,9/29/2026 09:30:00,REC-2026089
MOV-2026090,19-244-9890,Receipt,Vendors / Supplier,Main Warehouse / Stock,98,3/7/2026 09:30:00,REC-2026090
MOV-2026091,93-571-7294,Receipt,Vendors / Supplier,Main Warehouse / Stock,7,9/6/2026 09:30:00,REC-2026091
MOV-2026092,70-206-4860,Receipt,Vendors / Supplier,Main Warehouse / Stock,71,2/9/2026 09:30:00,REC-2026092
MOV-2026093,04-104-6993,Receipt,Vendors / Supplier,Main Warehouse / Stock,42,11/16/2026 09:30:00,REC-2026093
MOV-2026094,86-273-9377,Receipt,Vendors / Supplier,Main Warehouse / Stock,20,12/26/2026 09:30:00,REC-2026094
MOV-2026095,03-441-4252,Receipt,Vendors / Supplier,Main Warehouse / Stock,93,10/27/2026 09:30:00,REC-2026095
MOV-2026096,34-547-0827,Receipt,Vendors / Supplier,Main Warehouse / Stock,33,4/7/2026 09:30:00,REC-2026096
MOV-2026097,28-185-7303,Receipt,Vendors / Supplier,Main Warehouse / Stock,3,9/15/2026 09:30:00,REC-2026097
MOV-2026098,53-930-2215,Receipt,Vendors / Supplier,Main Warehouse / Stock,32,7/5/2026 09:30:00,REC-2026098
MOV-2026099,66-327-2821,Receipt,Vendors / Supplier,Main Warehouse / Stock,36,8/2/2026 09:30:00,REC-2026099
MOV-2026100,85-510-2915,Receipt,Vendors / Supplier,Main Warehouse / Stock,38,12/16/2026 09:30:00,REC-2026100
MOV-2026101,43-193-9915,Receipt,Vendors / Supplier,Main Warehouse / Stock,6,1/17/2026 09:30:00,REC-2026101
MOV-2026102,36-383-3677,Receipt,Vendors / Supplier,Main Warehouse / Stock,23,6/16/2026 09:30:00,REC-2026102
MOV-2026103,41-475-5305,Receipt,Vendors / Supplier,Main Warehouse / Stock,29,4/19/2026 09:30:00,REC-2026103
MOV-2026104,46-415-8633,Receipt,Vendors / Supplier,Main Warehouse / Stock,45,1/29/2026 09:30:00,REC-2026104
MOV-2026105,31-255-9616,Receipt,Vendors / Supplier,Main Warehouse / Stock,9,3/14/2026 09:30:00,REC-2026105
MOV-2026106,47-441-7682,Receipt,Vendors / Supplier,Main Warehouse / Stock,24,7/29/2026 09:30:00,REC-2026106
MOV-2026107,44-637-5512,Receipt,Vendors / Supplier,Main Warehouse / Stock,99,1/22/2026 09:30:00,REC-2026107
MOV-2026108,80-039-1261,Receipt,Vendors / Supplier,Main Warehouse / Stock,12,9/25/2026 09:30:00,REC-2026108
MOV-2026109,89-713-6071,Receipt,Vendors / Supplier,Main Warehouse / Stock,28,1/13/2026 09:30:00,REC-2026109
MOV-2026110,05-184-4175,Receipt,Vendors / Supplier,Main Warehouse / Stock,60,9/5/2026 09:30:00,REC-2026110
MOV-2026111,13-888-0149,Receipt,Vendors / Supplier,Main Warehouse / Stock,65,2/17/2026 09:30:00,REC-2026111
MOV-2026112,94-092-3355,Receipt,Vendors / Supplier,Main Warehouse / Stock,46,6/13/2026 09:30:00,REC-2026112
MOV-2026113,94-598-3383,Receipt,Vendors / Supplier,Main Warehouse / Stock,67,7/5/2026 09:30:00,REC-2026113
MOV-2026114,57-779-4955,Receipt,Vendors / Supplier,Main Warehouse / Stock,22,11/29/2026 09:30:00,REC-2026114
MOV-2026115,77-937-1108,Receipt,Vendors / Supplier,Main Warehouse / Stock,21,12/31/2026 09:30:00,REC-2026115
MOV-2026116,71-067-3278,Receipt,Vendors / Supplier,Main Warehouse / Stock,95,10/22/2026 09:30:00,REC-2026116
MOV-2026117,39-810-2042,Receipt,Vendors / Supplier,Main Warehouse / Stock,49,6/2/2026 09:30:00,REC-2026117
MOV-2026118,00-366-9496,Receipt,Vendors / Supplier,Main Warehouse / Stock,28,8/9/2026 09:30:00,REC-2026118
MOV-2026119,99-048-8310,Receipt,Vendors / Supplier,Main Warehouse / Stock,73,7/6/2026 09:30:00,REC-2026119
MOV-2026120,02-170-5225,Receipt,Vendors / Supplier,Main Warehouse / Stock,43,5/28/2026 09:30:00,REC-2026120
MOV-2026121,57-763-5501,Receipt,Vendors / Supplier,Main Warehouse / Stock,10,3/6/2026 09:30:00,REC-2026121
MOV-2026122,39-913-2999,Receipt,Vendors / Supplier,Main Warehouse / Stock,97,6/9/2026 09:30:00,REC-2026122
MOV-2026123,44-634-8292,Receipt,Vendors / Supplier,Main Warehouse / Stock,64,2/23/2026 09:30:00,REC-2026123
MOV-2026124,89-624-7462,Receipt,Vendors / Supplier,Main Warehouse / Stock,39,10/18/2026 09:30:00,REC-2026124
MOV-2026125,17-236-0566,Receipt,Vendors / Supplier,Main Warehouse / Stock,13,10/12/2026 09:30:00,REC-2026125
MOV-2026126,47-548-6500,Receipt,Vendors / Supplier,Main Warehouse / Stock,37,10/20/2026 09:30:00,REC-2026126
MOV-2026127,98-652-9569,Receipt,Vendors / Supplier,Main Warehouse / Stock,23,2/6/2026 09:30:00,REC-2026127
MOV-2026128,52-402-9245,Receipt,Vendors / Supplier,Main Warehouse / Stock,64,10/16/2026 09:30:00,REC-2026128
MOV-2026129,48-789-9187,Receipt,Vendors / Supplier,Main Warehouse / Stock,95,12/6/2026 09:30:00,REC-2026129
MOV-2026130,09-335-7793,Receipt,Vendors / Supplier,Main Warehouse / Stock,20,9/18/2026 09:30:00,REC-2026130
MOV-2026131,42-220-9305,Delivery,Main Warehouse / Stock,Customer: Green Grocers Inc,12,12/11/2026 14:15:00,DEL-2026001
MOV-2026132,78-614-4402,Delivery,Main Warehouse / Stock,Customer: Urban Fresh Market,6,2/14/2026 14:15:00,DEL-2026002
MOV-2026133,79-136-9840,Delivery,Main Warehouse / Stock,Customer: Daily Needs Mart,22,8/19/2026 14:15:00,DEL-2026003
MOV-2026134,63-270-7076,Delivery,Main Warehouse / Stock,Customer: QuickBite Logistics,20,6/12/2026 14:15:00,DEL-2026004
MOV-2026135,68-761-6907,Delivery,Main Warehouse / Stock,Customer: Apex Retailers,19,7/21/2026 14:15:00,DEL-2026005
MOV-2026136,20-225-3930,Delivery,Main Warehouse / Stock,Customer: Metro Supermarkets,13,2/29/2026 14:15:00,DEL-2026006
MOV-2026137,39-232-5341,Delivery,Main Warehouse / Stock,Customer: Green Grocers Inc,11,10/24/2026 14:15:00,DEL-2026007
MOV-2026138,70-871-4536,Delivery,Main Warehouse / Stock,Customer: Urban Fresh Market,39,11/13/2026 14:15:00,DEL-2026008
MOV-2026139,60-343-7973,Delivery,Main Warehouse / Stock,Customer: Daily Needs Mart,10,4/29/2026 14:15:00,DEL-2026009
MOV-2026140,31-969-4614,Delivery,Main Warehouse / Stock,Customer: QuickBite Logistics,32,6/6/2026 14:15:00,DEL-2026010
MOV-2026141,40-860-4532,Delivery,Main Warehouse / Stock,Customer: Apex Retailers,7,2/27/2026 14:15:00,DEL-2026011
MOV-2026142,90-737-0044,Delivery,Main Warehouse / Stock,Customer: Metro Supermarkets,6,1/17/2026 14:15:00,DEL-2026012
MOV-2026143,58-063-8633,Delivery,Main Warehouse / Stock,Customer: Green Grocers Inc,10,6/30/2026 14:15:00,DEL-2026013
MOV-2026144,48-957-6116,Delivery,Main Warehouse / Stock,Customer: Urban Fresh Market,18,5/16/2026 14:15:00,DEL-2026014
MOV-2026145,67-473-7093,Delivery,Main Warehouse / Stock,Customer: Daily Needs Mart,19,3/20/2026 14:15:00,DEL-2026015
MOV-2026146,58-182-6781,Delivery,Main Warehouse / Stock,Customer: QuickBite Logistics,37,6/29/2026 14:15:00,DEL-2026016
MOV-2026147,53-080-8252,Delivery,Main Warehouse / Stock,Customer: Apex Retailers,6,9/24/2026 14:15:00,DEL-2026017
MOV-2026148,70-587-1204,Delivery,Main Warehouse / Stock,Customer: Metro Supermarkets,40,7/15/2026 14:15:00,DEL-2026018
MOV-2026149,08-703-1382,Delivery,Main Warehouse / Stock,Customer: Green Grocers Inc,17,3/6/2026 14:15:00,DEL-2026019
MOV-2026150,01-173-0029,Delivery,Main Warehouse / Stock,Customer: Urban Fresh Market,39,7/5/2026 14:15:00,DEL-2026020
MOV-2026151,35-617-3857,Delivery,Main Warehouse / Stock,Customer: Daily Needs Mart,31,3/21/2026 14:15:00,DEL-2026021
MOV-2026152,61-607-7622,Delivery,Main Warehouse / Stock,Customer: QuickBite Logistics,19,2/21/2026 14:15:00,DEL-2026022
MOV-2026153,90-773-9557,Delivery,Main Warehouse / Stock,Customer: Apex Retailers,33,6/30/2026 14:15:00,DEL-2026023
MOV-2026154,94-190-5193,Delivery,Main Warehouse / Stock,Customer: Metro Supermarkets,22,11/21/2026 14:15:00,DEL-2026024
MOV-2026155,62-795-7801,Delivery,Main Warehouse / Stock,Customer: Green Grocers Inc,5,7/28/2026 14:15:00,DEL-2026025
MOV-2026156,14-550-2152,Delivery,Main Warehouse / Stock,Customer: Urban Fresh Market,15,6/18/2026 14:15:00,DEL-2026026
MOV-2026157,87-997-0228,Delivery,Main Warehouse / Stock,Customer: Daily Needs Mart,32,10/24/2026 14:15:00,DEL-2026027
MOV-2026158,15-045-8444,Delivery,Main Warehouse / Stock,Customer: QuickBite Logistics,26,7/12/2026 14:15:00,DEL-2026028
MOV-2026159,82-380-5378,Delivery,Main Warehouse / Stock,Customer: Apex Retailers,22,6/3/2026 14:15:00,DEL-2026029
MOV-2026160,57-903-6434,Delivery,Main Warehouse / Stock,Customer: Metro Supermarkets,14,3/10/2026 14:15:00,DEL-2026030
MOV-2026161,03-919-9890,Delivery,Main Warehouse / Stock,Customer: Green Grocers Inc,18,12/7/2026 14:15:00,DEL-2026031
MOV-2026162,47-663-5703,Delivery,Main Warehouse / Stock,Customer: Urban Fresh Market,26,6/14/2026 14:15:00,DEL-2026032
MOV-2026163,89-181-4523,Delivery,Main Warehouse / Stock,Customer: Daily Needs Mart,11,6/23/2026 14:15:00,DEL-2026033
MOV-2026164,27-881-1177,Delivery,Main Warehouse / Stock,Customer: QuickBite Logistics,10,7/3/2026 14:15:00,DEL-2026034
MOV-2026165,17-022-9721,Delivery,Main Warehouse / Stock,Customer: Apex Retailers,29,12/13/2026 14:15:00,DEL-2026035
MOV-2026166,01-703-8441,Delivery,Main Warehouse / Stock,Customer: Metro Supermarkets,11,1/1/2026 14:15:00,DEL-2026036
MOV-2026167,60-456-8169,Delivery,Main Warehouse / Stock,Customer: Green Grocers Inc,27,2/28/2026 14:15:00,DEL-2026037
MOV-2026168,98-858-6323,Delivery,Main Warehouse / Stock,Customer: Urban Fresh Market,27,1/7/2026 14:15:00,DEL-2026038
MOV-2026169,55-803-3964,Delivery,Main Warehouse / Stock,Customer: Daily Needs Mart,21,8/26/2026 14:15:00,DEL-2026039
MOV-2026170,11-155-7826,Delivery,Main Warehouse / Stock,Customer: QuickBite Logistics,7,1/31/2026 14:15:00,DEL-2026040
MOV-2026171,88-586-8797,Delivery,Main Warehouse / Stock,Customer: Apex Retailers,34,8/25/2026 14:15:00,DEL-2026041
MOV-2026172,21-693-8216,Delivery,Main Warehouse / Stock,Customer: Metro Supermarkets,39,9/3/2026 14:15:00,DEL-2026042
MOV-2026173,96-334-2593,Delivery,Main Warehouse / Stock,Customer: Green Grocers Inc,12,6/27/2026 14:15:00,DEL-2026043
MOV-2026174,33-440-2588,Delivery,Main Warehouse / Stock,Customer: Urban Fresh Market,29,9/16/2026 14:15:00,DEL-2026044
MOV-2026175,06-858-5680,Delivery,Main Warehouse / Stock,Customer: Daily Needs Mart,10,1/12/2026 14:15:00,DEL-2026045
MOV-2026176,33-507-9886,Delivery,Main Warehouse / Stock,Customer: QuickBite Logistics,40,8/19/2026 14:15:00,DEL-2026046
MOV-2026177,49-730-0159,Delivery,Main Warehouse / Stock,Customer: Apex Retailers,23,12/10/2026 14:15:00,DEL-2026047
MOV-2026178,74-305-1263,Delivery,Main Warehouse / Stock,Customer: Metro Supermarkets,28,7/10/2026 14:15:00,DEL-2026048
MOV-2026179,93-015-0811,Delivery,Main Warehouse / Stock,Customer: Green Grocers Inc,17,8/5/2026 14:15:00,DEL-2026049
MOV-2026180,47-843-8207,Delivery,Main Warehouse / Stock,Customer: Urban Fresh Market,9,4/10/2026 14:15:00,DEL-2026050
MOV-2026181,37-567-3218,Delivery,Main Warehouse / Stock,Customer: Daily Needs Mart,7,10/31/2026 14:15:00,DEL-2026051
MOV-2026182,47-866-6589,Delivery,Main Warehouse / Stock,Customer: QuickBite Logistics,19,2/3/2026 14:15:00,DEL-2026052
MOV-2026183,10-445-0741,Delivery,Main Warehouse / Stock,Customer: Apex Retailers,23,7/11/2026 14:15:00,DEL-2026053
MOV-2026184,63-162-9244,Delivery,Main Warehouse / Stock,Customer: Metro Supermarkets,10,8/11/2026 14:15:00,DEL-2026054
MOV-2026185,11-053-0107,Delivery,Main Warehouse / Stock,Customer: Green Grocers Inc,19,7/12/2026 14:15:00,DEL-2026055
MOV-2026186,08-495-6853,Delivery,Main Warehouse / Stock,Customer: Urban Fresh Market,11,1/13/2026 14:15:00,DEL-2026056
MOV-2026187,93-772-3085,Delivery,Main Warehouse / Stock,Customer: Daily Needs Mart,29,7/18/2026 14:15:00,DEL-2026057
MOV-2026188,48-770-6319,Delivery,Main Warehouse / Stock,Customer: QuickBite Logistics,22,11/21/2026 14:15:00,DEL-2026058
MOV-2026189,08-226-5155,Delivery,Main Warehouse / Stock,Customer: Apex Retailers,34,5/1/2026 14:15:00,DEL-2026059
MOV-2026190,50-930-4751,Delivery,Main Warehouse / Stock,Customer: Metro Supermarkets,28,6/24/2026 14:15:00,DEL-2026060
MOV-2026191,86-672-4191,Delivery,Main Warehouse / Stock,Customer: Green Grocers Inc,15,9/29/2026 14:15:00,DEL-2026061
MOV-2026192,56-657-4387,Delivery,Main Warehouse / Stock,Customer: Urban Fresh Market,28,2/29/2026 14:15:00,DEL-2026062
MOV-2026193,66-327-2821,Delivery,Main Warehouse / Stock,Customer: Daily Needs Mart,27,4/10/2026 14:15:00,DEL-2026063
MOV-2026194,92-837-8839,Delivery,Main Warehouse / Stock,Customer: QuickBite Logistics,18,1/16/2026 14:15:00,DEL-2026064
MOV-2026195,42-907-6946,Delivery,Main Warehouse / Stock,Customer: Apex Retailers,22,1/1/2026 14:15:00,DEL-2026065
MOV-2026196,93-014-4256,Delivery,Main Warehouse / Stock,Customer: Metro Supermarkets,9,1/11/2026 14:15:00,DEL-2026066
MOV-2026197,64-119-7804,Delivery,Main Warehouse / Stock,Customer: Green Grocers Inc,15,3/6/2026 14:15:00,DEL-2026067
MOV-2026198,92-152-5820,Delivery,Main Warehouse / Stock,Customer: Urban Fresh Market,39,5/1/2026 14:15:00,DEL-2026068
MOV-2026199,61-293-6327,Delivery,Main Warehouse / Stock,Customer: Daily Needs Mart,20,12/29/2026 14:15:00,DEL-2026069
MOV-2026200,05-184-4175,Delivery,Main Warehouse / Stock,Customer: QuickBite Logistics,15,10/23/2026 14:15:00,DEL-2026070
MOV-2026201,77-377-1659,Delivery,Main Warehouse / Stock,Customer: Apex Retailers,34,1/22/2026 14:15:00,DEL-2026071
MOV-2026202,45-250-4679,Delivery,Main Warehouse / Stock,Customer: Metro Supermarkets,29,11/23/2026 14:15:00,DEL-2026072
MOV-2026203,27-495-1912,Delivery,Main Warehouse / Stock,Customer: Green Grocers Inc,22,2/29/2026 14:15:00,DEL-2026073
MOV-2026204,10-555-5971,Delivery,Main Warehouse / Stock,Customer: Urban Fresh Market,40,12/2/2026 14:15:00,DEL-2026074
MOV-2026205,38-617-7226,Delivery,Main Warehouse / Stock,Customer: Daily Needs Mart,19,6/19/2026 14:15:00,DEL-2026075
MOV-2026206,63-874-9747,Delivery,Main Warehouse / Stock,Customer: QuickBite Logistics,25,12/9/2026 14:15:00,DEL-2026076
MOV-2026207,57-763-5501,Delivery,Main Warehouse / Stock,Customer: Apex Retailers,8,4/7/2026 14:15:00,DEL-2026077
MOV-2026208,37-248-6266,Delivery,Main Warehouse / Stock,Customer: Metro Supermarkets,19,10/17/2026 14:15:00,DEL-2026078
MOV-2026209,89-335-0155,Delivery,Main Warehouse / Stock,Customer: Green Grocers Inc,7,9/11/2026 14:15:00,DEL-2026079
MOV-2026210,44-368-7112,Delivery,Main Warehouse / Stock,Customer: Urban Fresh Market,25,5/2/2026 14:15:00,DEL-2026080
MOV-2026211,28-275-5901,Delivery,Main Warehouse / Stock,Customer: Daily Needs Mart,30,4/23/2026 14:15:00,DEL-2026081
MOV-2026212,44-128-2185,Delivery,Main Warehouse / Stock,Customer: QuickBite Logistics,22,7/10/2026 14:15:00,DEL-2026082
MOV-2026213,45-050-4720,Delivery,Main Warehouse / Stock,Customer: Apex Retailers,9,7/5/2026 14:15:00,DEL-2026083
MOV-2026214,68-436-1268,Delivery,Main Warehouse / Stock,Customer: Metro Supermarkets,18,8/17/2026 14:15:00,DEL-2026084
MOV-2026215,36-177-0573,Delivery,Main Warehouse / Stock,Customer: Green Grocers Inc,25,10/2/2026 14:15:00,DEL-2026085
MOV-2026216,13-900-9016,Delivery,Main Warehouse / Stock,Customer: Urban Fresh Market,18,1/6/2026 14:15:00,DEL-2026086
MOV-2026217,34-709-9237,Delivery,Main Warehouse / Stock,Customer: Daily Needs Mart,36,3/13/2026 14:15:00,DEL-2026087
MOV-2026218,82-231-4245,Delivery,Main Warehouse / Stock,Customer: QuickBite Logistics,30,8/28/2026 14:15:00,DEL-2026088
MOV-2026219,54-830-6971,Delivery,Main Warehouse / Stock,Customer: Apex Retailers,34,12/25/2026 14:15:00,DEL-2026089
MOV-2026220,29-205-1132,Delivery,Main Warehouse / Stock,Customer: Metro Supermarkets,14,6/29/2026 14:15:00,DEL-2026090
MOV-2026221,42-220-9305,Delivery,Main Warehouse / Stock,Customer: Green Grocers Inc,21,12/11/2026 14:15:00,DEL-2026091
MOV-2026222,78-614-4402,Delivery,Main Warehouse / Stock,Customer: Urban Fresh Market,13,2/14/2026 14:15:00,DEL-2026092
MOV-2026223,79-136-9840,Delivery,Main Warehouse / Stock,Customer: Daily Needs Mart,20,8/19/2026 14:15:00,DEL-2026093
MOV-2026224,63-270-7076,Delivery,Main Warehouse / Stock,Customer: QuickBite Logistics,40,6/12/2026 14:15:00,DEL-2026094
MOV-2026225,68-761-6907,Delivery,Main Warehouse / Stock,Customer: Apex Retailers,39,7/21/2026 14:15:00,DEL-2026095
MOV-2026226,20-225-3930,Delivery,Main Warehouse / Stock,Customer: Metro Supermarkets,21,2/29/2026 14:15:00,DEL-2026096
MOV-2026227,39-232-5341,Delivery,Main Warehouse / Stock,Customer: Green Grocers Inc,32,10/24/2026 14:15:00,DEL-2026097
MOV-2026228,70-871-4536,Delivery,Main Warehouse / Stock,Customer: Urban Fresh Market,30,11/13/2026 14:15:00,DEL-2026098
MOV-2026229,60-343-7973,Delivery,Main Warehouse / Stock,Customer: Daily Needs Mart,28,4/29/2026 14:15:00,DEL-2026099
MOV-2026230,31-969-4614,Delivery,Main Warehouse / Stock,Customer: QuickBite Logistics,19,6/6/2026 14:15:00,DEL-2026100
MOV-2026231,40-860-4532,Delivery,Main Warehouse / Stock,Customer: Apex Retailers,13,2/27/2026 14:15:00,DEL-2026101
MOV-2026232,90-737-0044,Delivery,Main Warehouse / Stock,Customer: Metro Supermarkets,37,1/17/2026 14:15:00,DEL-2026102
MOV-2026233,58-063-8633,Delivery,Main Warehouse / Stock,Customer: Green Grocers Inc,36,6/30/2026 14:15:00,DEL-2026103
MOV-2026234,48-957-6116,Delivery,Main Warehouse / Stock,Customer: Urban Fresh Market,10,5/16/2026 14:15:00,DEL-2026104
MOV-2026235,67-473-7093,Delivery,Main Warehouse / Stock,Customer: Daily Needs Mart,8,3/20/2026 14:15:00,DEL-2026105
MOV-2026236,58-182-6781,Delivery,Main Warehouse / Stock,Customer: QuickBite Logistics,12,6/29/2026 14:15:00,DEL-2026106
MOV-2026237,53-080-8252,Delivery,Main Warehouse / Stock,Customer: Apex Retailers,14,9/24/2026 14:15:00,DEL-2026107
MOV-2026238,70-587-1204,Delivery,Main Warehouse / Stock,Customer: Metro Supermarkets,15,7/15/2026 14:15:00,DEL-2026108
MOV-2026239,08-703-1382,Delivery,Main Warehouse / Stock,Customer: Green Grocers Inc,32,3/6/2026 14:15:00,DEL-2026109
MOV-2026240,01-173-0029,Delivery,Main Warehouse / Stock,Customer: Urban Fresh Market,9,7/5/2026 14:15:00,DEL-2026110
MOV-2026241,35-617-3857,Delivery,Main Warehouse / Stock,Customer: Daily Needs Mart,29,3/21/2026 14:15:00,DEL-2026111
MOV-2026242,61-607-7622,Delivery,Main Warehouse / Stock,Customer: QuickBite Logistics,29,2/21/2026 14:15:00,DEL-2026112
MOV-2026243,90-773-9557,Delivery,Main Warehouse / Stock,Customer: Apex Retailers,34,6/30/2026 14:15:00,DEL-2026113
MOV-2026244,94-190-5193,Delivery,Main Warehouse / Stock,Customer: Metro Supermarkets,38,11/21/2026 14:15:00,DEL-2026114
MOV-2026245,62-795-7801,Delivery,Main Warehouse / Stock,Customer: Green Grocers Inc,21,7/28/2026 14:15:00,DEL-2026115
MOV-2026246,14-550-2152,Delivery,Main Warehouse / Stock,Customer: Urban Fresh Market,40,6/18/2026 14:15:00,DEL-2026116
MOV-2026247,87-997-0228,Delivery,Main Warehouse / Stock,Customer: Daily Needs Mart,5,10/24/2026 14:15:00,DEL-2026117
MOV-2026248,15-045-8444,Delivery,Main Warehouse / Stock,Customer: QuickBite Logistics,12,7/12/2026 14:15:00,DEL-2026118
MOV-2026249,82-380-5378,Delivery,Main Warehouse / Stock,Customer: Apex Retailers,39,6/3/2026 14:15:00,DEL-2026119
MOV-2026250,57-903-6434,Delivery,Main Warehouse / Stock,Customer: Metro Supermarkets,22,3/10/2026 14:15:00,DEL-2026120
MOV-2026251,03-919-9890,Delivery,Main Warehouse / Stock,Customer: Green Grocers Inc,26,12/7/2026 14:15:00,DEL-2026121
MOV-2026252,47-663-5703,Delivery,Main Warehouse / Stock,Customer: Urban Fresh Market,12,6/14/2026 14:15:00,DEL-2026122
MOV-2026253,89-181-4523,Delivery,Main Warehouse / Stock,Customer: Daily Needs Mart,23,6/23/2026 14:15:00,DEL-2026123
MOV-2026254,27-881-1177,Delivery,Main Warehouse / Stock,Customer: QuickBite Logistics,32,7/3/2026 14:15:00,DEL-2026124
MOV-2026255,17-022-9721,Delivery,Main Warehouse / Stock,Customer: Apex Retailers,15,12/13/2026 14:15:00,DEL-2026125
MOV-2026256,11-073-0189,Transfer,Rack-A1,Rack-B1,23,3/3/2026 11:00:00,TRF-2026001
MOV-2026257,02-508-3777,Transfer,Rack-A2,Rack-B2,28,6/27/2026 11:00:00,TRF-2026002
MOV-2026258,43-893-5408,Transfer,Rack-B1,Rack-C1,7,9/18/2026 11:00:00,TRF-2026003
MOV-2026259,40-751-8635,Transfer,Rack-B2,Cold-Room-1,29,4/5/2026 11:00:00,TRF-2026004
MOV-2026260,14-844-4138,Transfer,Rack-C1,Production Floor,26,6/18/2026 11:00:00,TRF-2026005
MOV-2026261,12-239-9399,Transfer,Cold-Room-1,Dispatch Bay,10,5/17/2026 11:00:00,TRF-2026006
MOV-2026262,82-395-5070,Transfer,Production Floor,Main Store,24,6/7/2026 11:00:00,TRF-2026007
MOV-2026263,62-509-0666,Transfer,Dispatch Bay,Rack-A1,22,9/24/2026 11:00:00,TRF-2026008
MOV-2026264,19-047-4239,Transfer,Main Store,Rack-A2,27,4/23/2026 11:00:00,TRF-2026009
MOV-2026265,04-542-3863,Transfer,Rack-A1,Rack-B1,14,6/22/2026 11:00:00,TRF-2026010
MOV-2026266,58-063-8633,Transfer,Rack-A2,Rack-B2,25,5/15/2026 11:00:00,TRF-2026011
MOV-2026267,26-031-8070,Transfer,Rack-B1,Rack-C1,21,6/4/2026 11:00:00,TRF-2026012
MOV-2026268,10-002-6494,Transfer,Rack-B2,Cold-Room-1,12,4/3/2026 11:00:00,TRF-2026013
MOV-2026269,01-144-5960,Transfer,Rack-C1,Production Floor,15,3/19/2026 11:00:00,TRF-2026014
MOV-2026270,01-439-6231,Transfer,Cold-Room-1,Dispatch Bay,22,4/19/2026 11:00:00,TRF-2026015
MOV-2026271,68-734-1585,Transfer,Production Floor,Main Store,12,3/3/2026 11:00:00,TRF-2026016
MOV-2026272,79-400-6216,Transfer,Dispatch Bay,Rack-A1,27,8/2/2026 11:00:00,TRF-2026017
MOV-2026273,99-137-1730,Transfer,Main Store,Rack-A2,12,3/2/2026 11:00:00,TRF-2026018
MOV-2026274,29-017-6255,Transfer,Rack-A1,Rack-B1,15,3/17/2026 11:00:00,TRF-2026019
MOV-2026275,00-963-2193,Transfer,Rack-A2,Rack-B2,12,5/22/2026 11:00:00,TRF-2026020
MOV-2026276,83-763-5038,Transfer,Rack-B1,Rack-C1,20,4/18/2026 11:00:00,TRF-2026021
MOV-2026277,14-550-2152,Transfer,Rack-B2,Cold-Room-1,9,8/19/2026 11:00:00,TRF-2026022
MOV-2026278,55-631-7937,Transfer,Rack-C1,Production Floor,23,6/8/2026 11:00:00,TRF-2026023
MOV-2026279,83-716-2177,Transfer,Cold-Room-1,Dispatch Bay,30,6/26/2026 11:00:00,TRF-2026024
MOV-2026280,48-957-8596,Transfer,Production Floor,Main Store,18,4/4/2026 11:00:00,TRF-2026025
MOV-2026281,29-823-6004,Transfer,Dispatch Bay,Rack-A1,8,8/14/2026 11:00:00,TRF-2026026
MOV-2026282,93-966-7754,Transfer,Main Store,Rack-A2,16,6/14/2026 11:00:00,TRF-2026027
MOV-2026283,95-354-8583,Transfer,Rack-A1,Rack-B1,19,9/24/2026 11:00:00,TRF-2026028
MOV-2026284,04-758-0410,Transfer,Rack-A2,Rack-B2,6,8/21/2026 11:00:00,TRF-2026029
MOV-2026285,98-445-7372,Transfer,Rack-B1,Rack-C1,25,3/2/2026 11:00:00,TRF-2026030
MOV-2026286,61-796-6540,Transfer,Rack-B2,Cold-Room-1,17,8/11/2026 11:00:00,TRF-2026031
MOV-2026287,94-658-4945,Transfer,Rack-C1,Production Floor,30,9/4/2026 11:00:00,TRF-2026032
MOV-2026288,55-803-3964,Transfer,Cold-Room-1,Dispatch Bay,12,4/7/2026 11:00:00,TRF-2026033
MOV-2026289,99-033-5661,Transfer,Production Floor,Main Store,22,6/5/2026 11:00:00,TRF-2026034
MOV-2026290,26-134-9069,Transfer,Dispatch Bay,Rack-A1,18,4/9/2026 11:00:00,TRF-2026035
MOV-2026291,63-890-1246,Transfer,Main Store,Rack-A2,19,4/28/2026 11:00:00,TRF-2026036
MOV-2026292,73-751-4393,Transfer,Rack-A1,Rack-B1,7,6/26/2026 11:00:00,TRF-2026037
MOV-2026293,56-894-3733,Transfer,Rack-A2,Rack-B2,22,3/2/2026 11:00:00,TRF-2026038
MOV-2026294,40-003-7322,Transfer,Rack-B1,Rack-C1,25,7/27/2026 11:00:00,TRF-2026039
MOV-2026295,20-405-4865,Transfer,Rack-B2,Cold-Room-1,5,3/25/2026 11:00:00,TRF-2026040
MOV-2026296,36-127-4273,Transfer,Rack-C1,Production Floor,12,4/14/2026 11:00:00,TRF-2026041
MOV-2026297,51-934-9117,Transfer,Cold-Room-1,Dispatch Bay,20,6/7/2026 11:00:00,TRF-2026042
MOV-2026298,43-469-7551,Transfer,Production Floor,Main Store,17,3/6/2026 11:00:00,TRF-2026043
MOV-2026299,47-866-6589,Transfer,Dispatch Bay,Rack-A1,17,3/13/2026 11:00:00,TRF-2026044
MOV-2026300,81-354-4203,Transfer,Main Store,Rack-A2,13,9/26/2026 11:00:00,TRF-2026045
MOV-2026301,22-266-9291,Transfer,Rack-A1,Rack-B1,19,5/14/2026 11:00:00,TRF-2026046
MOV-2026302,36-330-5036,Transfer,Rack-A2,Rack-B2,27,8/26/2026 11:00:00,TRF-2026047
MOV-2026303,12-828-1063,Transfer,Rack-B1,Rack-C1,22,8/23/2026 11:00:00,TRF-2026048
MOV-2026304,93-571-7294,Transfer,Rack-B2,Cold-Room-1,20,4/7/2026 11:00:00,TRF-2026049
MOV-2026305,47-581-0363,Transfer,Rack-C1,Production Floor,14,4/2/2026 11:00:00,TRF-2026050
MOV-2026306,40-902-1995,Transfer,Cold-Room-1,Dispatch Bay,23,8/18/2026 11:00:00,TRF-2026051
MOV-2026307,69-834-2874,Transfer,Production Floor,Main Store,6,8/11/2026 11:00:00,TRF-2026052
MOV-2026308,19-021-5024,Transfer,Dispatch Bay,Rack-A1,6,3/19/2026 11:00:00,TRF-2026053
MOV-2026309,49-377-9731,Transfer,Main Store,Rack-A2,20,7/28/2026 11:00:00,TRF-2026054
MOV-2026310,42-907-6946,Transfer,Rack-A1,Rack-B1,21,4/2/2026 11:00:00,TRF-2026055
MOV-2026311,46-415-8633,Transfer,Rack-A2,Rack-B2,21,3/28/2026 11:00:00,TRF-2026056
MOV-2026312,27-459-0724,Transfer,Rack-B1,Rack-C1,10,3/20/2026 11:00:00,TRF-2026057
MOV-2026313,01-026-2772,Transfer,Rack-B2,Cold-Room-1,7,8/28/2026 11:00:00,TRF-2026058
MOV-2026314,06-340-6856,Transfer,Rack-C1,Production Floor,12,6/4/2026 11:00:00,TRF-2026059
MOV-2026315,88-807-8431,Transfer,Cold-Room-1,Dispatch Bay,23,4/19/2026 11:00:00,TRF-2026060
MOV-2026316,45-317-9731,Transfer,Production Floor,Main Store,24,3/20/2026 11:00:00,TRF-2026061
MOV-2026317,82-538-4809,Transfer,Dispatch Bay,Rack-A1,7,6/22/2026 11:00:00,TRF-2026062
MOV-2026318,39-810-2042,Transfer,Main Store,Rack-A2,23,7/17/2026 11:00:00,TRF-2026063
MOV-2026319,85-212-2729,Transfer,Rack-A1,Rack-B1,15,5/7/2026 11:00:00,TRF-2026064
MOV-2026320,48-242-8445,Transfer,Rack-A2,Rack-B2,26,8/11/2026 11:00:00,TRF-2026065
MOV-2026321,82-041-7211,Adjustment,Main Warehouse / Stock,Inventory Loss / Gain,5,4/24/2026 16:45:00,ADJ-2026001
MOV-2026322,73-401-5721,Adjustment,Inventory Loss / Gain,Main Warehouse / Stock,1,5/9/2026 16:45:00,ADJ-2026002
MOV-2026323,91-105-7317,Adjustment,Main Warehouse / Stock,Inventory Loss / Gain,2,8/7/2026 16:45:00,ADJ-2026003
MOV-2026324,87-762-1317,Adjustment,Inventory Loss / Gain,Main Warehouse / Stock,2,6/7/2026 16:45:00,ADJ-2026004
MOV-2026325,22-141-9798,Adjustment,Inventory Loss / Gain,Main Warehouse / Stock,2,9/28/2026 16:45:00,ADJ-2026005
MOV-2026326,49-891-4927,Adjustment,Main Warehouse / Stock,Inventory Loss / Gain,2,8/16/2026 16:45:00,ADJ-2026006
MOV-2026327,15-907-3681,Adjustment,Main Warehouse / Stock,Inventory Loss / Gain,2,4/3/2026 16:45:00,ADJ-2026007
MOV-2026328,51-572-5497,Adjustment,Inventory Loss / Gain,Main Warehouse / Stock,2,7/27/2026 16:45:00,ADJ-2026008
MOV-2026329,71-085-4290,Adjustment,Main Warehouse / Stock,Inventory Loss / Gain,2,4/1/2026 16:45:00,ADJ-2026009
MOV-2026330,12-998-3882,Adjustment,Main Warehouse / Stock,Inventory Loss / Gain,2,5/21/2026 16:45:00,ADJ-2026010
MOV-2026331,53-080-8252,Adjustment,Main Warehouse / Stock,Inventory Loss / Gain,2,5/24/2026 16:45:00,ADJ-2026011
MOV-2026332,38-822-8005,Adjustment,Main Warehouse / Stock,Inventory Loss / Gain,1,8/23/2026 16:45:00,ADJ-2026012
MOV-2026333,79-400-6216,Adjustment,Main Warehouse / Stock,Inventory Loss / Gain,1,8/1/2026 16:45:00,ADJ-2026013
MOV-2026334,85-440-3667,Adjustment,Main Warehouse / Stock,Inventory Loss / Gain,5,4/23/2026 16:45:00,ADJ-2026014
MOV-2026335,28-008-2951,Adjustment,Main Warehouse / Stock,Inventory Loss / Gain,3,8/2/2026 16:45:00,ADJ-2026015
MOV-2026336,30-591-7275,Adjustment,Inventory Loss / Gain,Main Warehouse / Stock,4,6/19/2026 16:45:00,ADJ-2026016
MOV-2026337,60-771-0879,Adjustment,Inventory Loss / Gain,Main Warehouse / Stock,1,5/14/2026 16:45:00,ADJ-2026017
MOV-2026338,42-141-5718,Adjustment,Main Warehouse / Stock,Inventory Loss / Gain,3,4/10/2026 16:45:00,ADJ-2026018
MOV-2026339,86-330-0214,Adjustment,Main Warehouse / Stock,Inventory Loss / Gain,2,4/12/2026 16:45:00,ADJ-2026019
MOV-2026340,71-999-2404,Adjustment,Main Warehouse / Stock,Inventory Loss / Gain,3,9/8/2026 16:45:00,ADJ-2026020
MOV-2026341,49-919-8798,Adjustment,Inventory Loss / Gain,Main Warehouse / Stock,2,4/12/2026 16:45:00,ADJ-2026021
MOV-2026342,27-881-1177,Adjustment,Inventory Loss / Gain,Main Warehouse / Stock,4,8/28/2026 16:45:00,ADJ-2026022
MOV-2026343,29-875-6900,Adjustment,Main Warehouse / Stock,Inventory Loss / Gain,1,8/24/2026 16:45:00,ADJ-2026023
MOV-2026344,99-420-3592,Adjustment,Main Warehouse / Stock,Inventory Loss / Gain,3,5/28/2026 16:45:00,ADJ-2026024
MOV-2026345,88-951-9038,Adjustment,Main Warehouse / Stock,Inventory Loss / Gain,3,5/14/2026 16:45:00,ADJ-2026025
MOV-2026346,99-033-5661,Adjustment,Main Warehouse / Stock,Inventory Loss / Gain,5,5/24/2026 16:45:00,ADJ-2026026
MOV-2026347,43-153-8268,Adjustment,Main Warehouse / Stock,Inventory Loss / Gain,2,7/26/2026 16:45:00,ADJ-2026027
MOV-2026348,95-357-2870,Adjustment,Inventory Loss / Gain,Main Warehouse / Stock,2,9/26/2026 16:45:00,ADJ-2026028
MOV-2026349,22-329-7791,Adjustment,Main Warehouse / Stock,Inventory Loss / Gain,3,6/6/2026 16:45:00,ADJ-2026029
MOV-2026350,38-555-9147,Adjustment,Inventory Loss / Gain,Main Warehouse / Stock,4,9/4/2026 16:45:00,ADJ-2026030
MOV-2026351,94-528-8088,Adjustment,Main Warehouse / Stock,Inventory Loss / Gain,1,4/28/2026 16:45:00,ADJ-2026031
MOV-2026352,17-253-5688,Adjustment,Main Warehouse / Stock,Inventory Loss / Gain,1,5/7/2026 16:45:00,ADJ-2026032
MOV-2026353,37-567-3218,Adjustment,Inventory Loss / Gain,Main Warehouse / Stock,4,7/12/2026 16:45:00,ADJ-2026033
MOV-2026354,15-562-3712,Adjustment,Main Warehouse / Stock,Inventory Loss / Gain,2,5/8/2026 16:45:00,ADJ-2026034
MOV-2026355,91-417-0366,Adjustment,Main Warehouse / Stock,Inventory Loss / Gain,5,9/7/2026 16:45:00,ADJ-2026035
MOV-2026356,65-674-6076,Adjustment,Main Warehouse / Stock,Inventory Loss / Gain,1,6/9/2026 16:45:00,ADJ-2026036
MOV-2026357,74-404-0582,Adjustment,Inventory Loss / Gain,Main Warehouse / Stock,4,4/25/2026 16:45:00,ADJ-2026037
MOV-2026358,93-218-8108,Adjustment,Main Warehouse / Stock,Inventory Loss / Gain,2,6/21/2026 16:45:00,ADJ-2026038
MOV-2026359,40-902-1995,Adjustment,Inventory Loss / Gain,Main Warehouse / Stock,1,7/22/2026 16:45:00,ADJ-2026039
MOV-2026360,19-854-3663,Adjustment,Inventory Loss / Gain,Main Warehouse / Stock,4,8/11/2026 16:45:00,ADJ-2026040
MOV-2026361,03-940-0630,Adjustment,Main Warehouse / Stock,Inventory Loss / Gain,5,4/9/2026 16:45:00,ADJ-2026041
MOV-2026362,36-383-3677,Adjustment,Main Warehouse / Stock,Inventory Loss / Gain,3,8/9/2026 16:45:00,ADJ-2026042
MOV-2026363,10-617-7581,Adjustment,Main Warehouse / Stock,Inventory Loss / Gain,5,4/20/2026 16:45:00,ADJ-2026043
MOV-2026364,92-152-5820,Adjustment,Main Warehouse / Stock,Inventory Loss / Gain,1,6/24/2026 16:45:00,ADJ-2026044
MOV-2026365,68-977-6854,Adjustment,Inventory Loss / Gain,Main Warehouse / Stock,4,6/14/2026 16:45:00,ADJ-2026045
MOV-2026366,92-362-3567,Adjustment,Inventory Loss / Gain,Main Warehouse / Stock,1,8/4/2026 16:45:00,ADJ-2026046
MOV-2026367,85-781-5386,Adjustment,Main Warehouse / Stock,Inventory Loss / Gain,1,8/7/2026 16:45:00,ADJ-2026047
MOV-2026368,24-228-6840,Adjustment,Main Warehouse / Stock,Inventory Loss / Gain,2,4/23/2026 16:45:00,ADJ-2026048
MOV-2026369,99-048-8310,Adjustment,Main Warehouse / Stock,Inventory Loss / Gain,1,4/17/2026 16:45:00,ADJ-2026049
MOV-2026370,83-568-3475,Adjustment,Inventory Loss / Gain,Main Warehouse / Stock,4,8/22/2026 16:45:00,ADJ-2026050
