receipt_id,supplier_id,product_id,quantity_received,receipt_date,status
REC-2026001,67-679-4930,39-629-5554,17,2/3/2026,Done
REC-2026002,70-901-6191,22-621-2774,16,3/11/2026,Done
REC-2026003,87-839-6400,66-627-9752,48,8/17/2026,Done
REC-2026004,75-503-9347,31-211-5803,32,7/16/2026,Done
REC-2026005,68-836-0350,91-848-0606,73,6/11/2026,Done
REC-2026006,68-482-4786,21-816-1004,88,1/26/2026,Done
REC-2026007,79-575-9351,70-854-6891,90,1/28/2026,Done
REC-2026008,37-099-6976,69-468-5468,6,11/3/2026,Done
REC-2026009,91-492-8216,65-718-0492,26,5/5/2026,Done
REC-2026010,08-828-3804,44-408-7594,5,11/24/2026,Done
REC-2026011,23-319-2681,39-232-5341,74,9/21/2026,Done
REC-2026012,66-832-1802,13-844-2178,48,9/5/2026,Done
REC-2026013,01-801-9502,82-395-5070,17,7/9/2026,Done
REC-2026014,02-272-0535,80-988-4653,85,4/20/2026,Done
REC-2026015,36-780-8625,64-478-4745,94,6/4/2026,Done
REC-2026016,34-850-0377,61-827-4098,87,2/1/2026,Done
REC-2026017,72-931-9828,15-907-3681,21,11/28/2026,Done
REC-2026018,86-400-4155,29-896-7926,56,1/6/2026,Done
REC-2026019,01-445-8931,28-956-1320,98,5/23/2026,Done
REC-2026020,95-200-1972,02-655-3240,52,10/25/2026,Done
REC-2026021,62-086-0407,81-605-6246,49,1/26/2026,Done
REC-2026022,34-334-6888,48-957-6116,9,5/30/2026,Done
REC-2026023,77-566-9826,80-374-5711,81,1/28/2026,Done
REC-2026024,78-459-1417,97-040-3822,73,5/12/2026,Done
REC-2026025,22-946-8052,46-931-6897,26,9/21/2026,Done
REC-2026026,80-848-7493,01-144-5960,99,10/20/2026,Done
REC-2026027,97-325-5889,96-503-7712,82,5/25/2026,Done
REC-2026028,66-317-4895,06-690-2335,6,2/22/2026,Done
REC-2026029,41-800-2842,30-832-5429,46,1/10/2026,Done
REC-2026030,85-932-1011,65-282-0419,91,12/28/2026,Done
REC-2026031,42-252-5861,77-013-1553,66,4/10/2026,Done
REC-2026032,22-644-6447,57-562-2358,76,6/17/2026,Done
REC-2026033,90-718-2724,35-617-3857,89,1/4/2026,Done
REC-2026034,00-680-5333,85-440-3667,31,8/6/2026,Done
REC-2026035,18-733-2453,59-075-2457,15,8/21/2026,Done
REC-2026036,07-959-3210,34-928-2775,25,12/18/2026,Done
REC-2026037,43-977-2343,95-349-0828,84,9/27/2026,Done
REC-2026038,50-378-4320,84-629-1532,25,2/25/2026,Done
REC-2026039,26-438-8349,83-763-5038,54,11/22/2026,Done
REC-2026040,13-526-1392,56-668-5370,21,11/26/2026,Done
REC-2026041,99-034-7010,39-315-3936,72,2/21/2026,Done
REC-2026042,72-649-3163,94-020-6982,27,1/2/2026,Done
REC-2026043,00-635-4638,84-272-0790,44,5/23/2026,Done
REC-2026044,29-143-2001,15-045-8444,93,3/4/2026,Done
REC-2026045,21-634-5781,65-759-3721,67,6/16/2026,Done
REC-2026046,15-739-5480,74-943-9034,34,7/11/2026,Done
REC-2026047,82-266-1796,22-319-1377,93,7/23/2026,Done
REC-2026048,07-987-4536,39-768-8205,29,2/28/2026,Done
REC-2026049,13-179-9553,08-213-2058,14,7/28/2026,Done
REC-2026050,96-012-3393,21-718-6746,12,6/11/2026,Done
REC-2026051,82-482-3670,49-919-8798,91,6/19/2026,Done
REC-2026052,02-057-9401,95-354-8583,93,2/19/2026,Done
REC-2026053,37-057-3553,73-942-0508,94,7/20/2026,Done
REC-2026054,23-280-1300,65-644-1394,36,7/29/2026,Done
REC-2026055,59-629-0798,17-022-9721,99,11/8/2026,Done
REC-2026056,04-456-0715,27-757-4489,68,4/12/2026,Done
REC-2026057,39-464-7300,06-849-4869,16,5/13/2026,Done
REC-2026058,45-997-6429,27-783-5470,5,1/30/2026,Done
REC-2026059,84-472-8001,34-131-8805,28,1/21/2026,Done
REC-2026060,10-008-6747,43-164-5984,35,4/13/2026,Done
REC-2026061,75-849-4524,70-145-2550,37,5/1/2026,Done
REC-2026062,27-060-9944,40-683-0283,78,8/17/2026,Done
REC-2026063,63-683-7396,99-543-5039,20,1/28/2026,Done
REC-2026064,29-156-0691,76-401-7083,87,9/3/2026,Done
REC-2026065,80-068-0825,26-134-9069,8,3/10/2026,Done
REC-2026066,62-599-8388,21-693-8216,85,2/26/2026,Done
REC-2026067,99-570-8162,65-368-2479,59,8/15/2026,Done
REC-2026068,75-365-7696,95-357-2870,80,3/18/2026,Done
REC-2026069,41-825-5869,08-961-3009,6,6/2/2026,Done
REC-2026070,45-903-0036,16-632-1308,15,3/27/2026,Done
REC-2026071,37-630-2250,12-046-2988,66,1/25/2026,Done
REC-2026072,94-453-3755,33-807-7247,26,6/23/2026,Done
REC-2026073,19-893-7698,64-854-8664,36,8/16/2026,Done
REC-2026074,62-044-8874,70-534-7796,31,2/19/2026,Done
REC-2026075,27-996-8883,46-632-8420,4,3/8/2026,Done
REC-2026076,56-965-0404,86-482-6451,61,5/5/2026,Done
REC-2026077,07-055-5188,93-015-0811,58,11/26/2026,Done
REC-2026078,34-389-9922,51-934-9117,4,8/25/2026,Done
REC-2026079,17-807-6972,09-712-3630,2,7/9/2026,Done
REC-2026080,14-009-8505,15-169-8058,28,6/12/2026,Done
REC-2026081,72-784-3292,07-389-5740,69,1/3/2026,Done
REC-2026082,54-919-9424,90-343-9640,100,7/1/2026,Done
REC-2026083,61-424-7670,83-117-7658,81,4/5/2026,Done
REC-2026084,63-528-0643,76-070-1411,78,2/1/2026,Done
REC-2026085,28-442-2578,91-417-0366,100,6/7/2026,Done
REC-2026086,67-252-3923,17-395-1121,74,11/18/2026,Done
REC-2026087,94-958-6101,06-068-6793,68,7/20/2026,Done
REC-2026088,07-432-0137,08-495-6853,6,12/27/2026,Done
REC-2026089,54-132-9762,44-782-1395,68,9/29/2026,Done
REC-2026090,98-107-0604,19-244-9890,98,3/7/2026,Done
REC-2026091,77-842-0920,93-571-7294,7,9/6/2026,Done
REC-2026092,82-527-9395,70-206-4860,71,2/9/2026,Done
REC-2026093,06-776-1072,04-104-6993,42,11/16/2026,Done
REC-2026094,38-330-5543,86-273-9377,20,12/26/2026,Done
REC-2026095,11-430-6041,03-441-4252,93,10/27/2026,Done
REC-2026096,30-853-8580,34-547-0827,33,4/7/2026,Done
REC-2026097,97-143-0641,28-185-7303,3,9/15/2026,Done
REC-2026098,42-210-6541,53-930-2215,32,7/5/2026,Done
REC-2026099,82-525-7224,66-327-2821,36,8/2/2026,Done
REC-2026100,55-134-2668,85-510-2915,38,12/16/2026,Done
REC-2026101,23-931-2988,43-193-9915,6,1/17/2026,Done
REC-2026102,88-020-6814,36-383-3677,23,6/16/2026,Done
REC-2026103,93-900-1170,41-475-5305,29,4/19/2026,Done
REC-2026104,32-497-0478,46-415-8633,45,1/29/2026,Done
REC-2026105,11-031-9939,31-255-9616,9,3/14/2026,Done
REC-2026106,90-998-1236,47-441-7682,24,7/29/2026,Done
REC-2026107,27-541-2645,44-637-5512,99,1/22/2026,Done
REC-2026108,37-994-7932,80-039-1261,12,9/25/2026,Done
REC-2026109,84-123-7159,89-713-6071,28,1/13/2026,Done
REC-2026110,31-676-5646,05-184-4175,60,9/5/2026,Done
REC-2026111,09-902-6272,13-888-0149,65,2/17/2026,Done
REC-2026112,76-641-2070,94-092-3355,46,6/13/2026,Done
REC-2026113,39-488-0039,94-598-3383,67,7/5/2026,Done
REC-2026114,84-869-9980,57-779-4955,22,11/29/2026,Done
REC-2026115,41-007-0132,77-937-1108,21,12/31/2026,Done
REC-2026116,76-797-9430,71-067-3278,95,10/22/2026,Done
REC-2026117,65-620-9866,39-810-2042,49,6/2/2026,Done
REC-2026118,40-515-1141,00-366-9496,28,8/9/2026,Done
REC-2026119,70-453-8646,99-048-8310,73,7/6/2026,Done
REC-2026120,90-940-9550,02-170-5225,43,5/28/2026,Done
REC-2026121,25-790-1641,57-763-5501,10,3/6/2026,Done
REC-2026122,74-119-8973,39-913-2999,97,6/9/2026,Done
REC-2026123,48-557-5036,44-634-8292,64,2/23/2026,Done
REC-2026124,39-506-2186,89-624-7462,39,10/18/2026,Done
REC-2026125,32-402-9679,17-236-0566,13,10/12/2026,Done
REC-2026126,27-061-4764,47-548-6500,37,10/20/2026,Done
REC-2026127,65-160-1426,98-652-9569,23,2/6/2026,Done
REC-2026128,37-519-7762,52-402-9245,64,10/16/2026,Done
REC-2026129,95-944-5323,48-789-9187,95,12/6/2026,Done
REC-2026130,96-918-7047,09-335-7793,20,9/18/2026,Done
REC-2026131,35-927-4986,35-257-9312,48,8/18/2026,Waiting
REC-2026132,10-694-6636,68-436-1268,74,11/30/2026,Waiting
REC-2026133,60-309-5783,24-579-6500,70,4/22/2026,Waiting
REC-2026134,37-728-5274,69-578-7930,31,7/14/2026,Waiting
REC-2026135,60-284-1974,26-000-1012,29,11/30/2026,Waiting
REC-2026136,82-157-4299,14-836-2894,92,3/8/2026,Waiting
REC-2026137,17-546-8875,06-731-2162,98,4/7/2026,Waiting
REC-2026138,59-979-6740,29-377-7040,15,4/11/2026,Waiting
REC-2026139,19-985-9694,37-610-1999,65,3/14/2026,Waiting
REC-2026140,86-841-6074,53-008-2419,96,4/3/2026,Waiting
REC-2026141,96-215-2767,31-745-6850,12,10/3/2026,Waiting
REC-2026142,54-226-4308,57-437-1828,74,7/3/2026,Waiting
REC-2026143,56-092-7992,42-220-9305,6,10/19/2026,Draft
REC-2026144,10-060-8515,48-414-6162,84,5/29/2026,Draft
REC-2026145,47-183-4911,40-795-0753,80,5/28/2026,Draft
REC-2026146,65-842-6819,04-240-2226,73,8/13/2026,Draft
REC-2026147,25-414-2945,43-893-5408,85,1/21/2026,Draft
REC-2026148,41-772-6271,05-334-2923,71,8/18/2026,Draft
REC-2026149,41-587-4864,02-920-4829,84,10/19/2026,Draft
REC-2026150,22-867-3079,11-581-9869,98,5/1/2026,Draft
