transfer_id,product_id,from_location,to_location,quantity_transferred,transfer_date,status
TRF-2026001,11-073-0189,Rack-A1,Rack-B1,23,3/3/2026,Done
TRF-2026002,02-508-3777,Rack-A2,Rack-B2,28,6/27/2026,Done
TRF-2026003,43-893-5408,Rack-B1,Rack-C1,7,9/18/2026,Done
TRF-2026004,40-751-8635,Rack-B2,Cold-Room-1,29,4/5/2026,Done
TRF-2026005,14-844-4138,Rack-C1,Production Floor,26,6/18/2026,Done
TRF-2026006,12-239-9399,Cold-Room-1,Dispatch Bay,10,5/17/2026,Done
TRF-2026007,82-395-5070,Production Floor,Main Store,24,6/7/2026,Done
TRF-2026008,62-509-0666,Dispatch Bay,Rack-A1,22,9/24/2026,Done
TRF-2026009,19-047-4239,Main Store,Rack-A2,27,4/23/2026,Done
TRF-2026010,04-542-3863,Rack-A1,Rack-B1,14,6/22/2026,Done
TRF-2026011,58-063-8633,Rack-A2,Rack-B2,25,5/15/2026,Done
TRF-2026012,26-031-8070,Rack-B1,Rack-C1,21,6/4/2026,Done
TRF-2026013,10-002-6494,Rack-B2,Cold-Room-1,12,4/3/2026,Done
TRF-2026014,01-144-5960,Rack-C1,Production Floor,15,3/19/2026,Done
TRF-2026015,01-439-6231,Cold-Room-1,Dispatch Bay,22,4/19/2026,Done
TRF-2026016,68-734-1585,Production Floor,Main Store,12,3/3/2026,Done
TRF-2026017,79-400-6216,Dispatch Bay,Rack-A1,27,8/2/2026,Done
TRF-2026018,99-137-1730,Main Store,Rack-A2,12,3/2/2026,Done
TRF-2026019,29-017-6255,Rack-A1,Rack-B1,15,3/17/2026,Done
TRF-2026020,00-963-2193,Rack-A2,Rack-B2,12,5/22/2026,Done
TRF-2026021,83-763-5038,Rack-B1,Rack-C1,20,4/18/2026,Done
TRF-2026022,14-550-2152,Rack-B2,Cold-Room-1,9,8/19/2026,Done
TRF-2026023,55-631-7937,Rack-C1,Production Floor,23,6/8/2026,Done
TRF-2026024,83-716-2177,Cold-Room-1,Dispatch Bay,30,6/26/2026,Done
TRF-2026025,48-957-8596,Production Floor,Main Store,18,4/4/2026,Done
TRF-2026026,29-823-6004,Dispatch Bay,Rack-A1,8,8/14/2026,Done
TRF-2026027,93-966-7754,Main Store,Rack-A2,16,6/14/2026,Done
TRF-2026028,95-354-8583,Rack-A1,Rack-B1,19,9/24/2026,Done
TRF-2026029,04-758-0410,Rack-A2,Rack-B2,6,8/21/2026,Done
TRF-2026030,98-445-7372,Rack-B1,Rack-C1,25,3/2/2026,Done
TRF-2026031,61-796-6540,Rack-B2,Cold-Room-1,17,8/11/2026,Done
TRF-2026032,94-658-4945,Rack-C1,Production Floor,30,9/4/2026,Done
TRF-2026033,55-803-3964,Cold-Room-1,Dispatch Bay,12,4/7/2026,Done
TRF-2026034,99-033-5661,Production Floor,Main Store,22,6/5/2026,Done
TRF-2026035,26-134-9069,Dispatch Bay,Rack-A1,18,4/9/2026,Done
TRF-2026036,63-890-1246,Main Store,Rack-A2,19,4/28/2026,Done
TRF-2026037,73-751-4393,Rack-A1,Rack-B1,7,6/26/2026,Done
TRF-2026038,56-894-3733,Rack-A2,Rack-B2,22,3/2/2026,Done
TRF-2026039,40-003-7322,Rack-B1,Rack-C1,25,7/27/2026,Done
TRF-2026040,20-405-4865,Rack-B2,Cold-Room-1,5,3/25/2026,Done
TRF-2026041,36-127-4273,Rack-C1,Production Floor,12,4/14/2026,Done
TRF-2026042,51-934-9117,Cold-Room-1,Dispatch Bay,20,6/7/2026,Done
TRF-2026043,43-469-7551,Production Floor,Main Store,17,3/6/2026,Done
TRF-2026044,47-866-6589,Dispatch Bay,Rack-A1,17,3/13/2026,Done
TRF-2026045,81-354-4203,Main Store,Rack-A2,13,9/26/2026,Done
TRF-2026046,22-266-9291,Rack-A1,Rack-B1,19,5/14/2026,Done
TRF-2026047,36-330-5036,Rack-A2,Rack-B2,27,8/26/2026,Done
TRF-2026048,12-828-1063,Rack-B1,Rack-C1,22,8/23/2026,Done
TRF-2026049,93-571-7294,Rack-B2,Cold-Room-1,20,4/7/2026,Done
TRF-2026050,47-581-0363,Rack-C1,Production Floor,14,4/2/2026,Done
TRF-2026051,40-902-1995,Cold-Room-1,Dispatch Bay,23,8/18/2026,Done
TRF-2026052,69-834-2874,Production Floor,Main Store,6,8/11/2026,Done
TRF-2026053,19-021-5024,Dispatch Bay,Rack-A1,6,3/19/2026,Done
TRF-2026054,49-377-9731,Main Store,Rack-A2,20,7/28/2026,Done
TRF-2026055,42-907-6946,Rack-A1,Rack-B1,21,4/2/2026,Done
TRF-2026056,46-415-8633,Rack-A2,Rack-B2,21,3/28/2026,Done
TRF-2026057,27-459-0724,Rack-B1,Rack-C1,10,3/20/2026,Done
TRF-2026058,01-026-2772,Rack-B2,Cold-Room-1,7,8/28/2026,Done
TRF-2026059,06-340-6856,Rack-C1,Production Floor,12,6/4/2026,Done
TRF-2026060,88-807-8431,Cold-Room-1,Dispatch Bay,23,4/19/2026,Done
TRF-2026061,45-317-9731,Production Floor,Main Store,24,3/20/2026,Done
TRF-2026062,82-538-4809,Dispatch Bay,Rack-A1,7,6/22/2026,Done
TRF-2026063,39-810-2042,Main Store,Rack-A2,23,7/17/2026,Done
TRF-2026064,85-212-2729,Rack-A1,Rack-B1,15,5/7/2026,Done
TRF-2026065,48-242-8445,Rack-A2,Rack-B2,26,8/11/2026,Done
TRF-2026066,37-248-6266,Rack-B1,Rack-C1,12,5/13/2026,Ready
TRF-2026067,78-953-2073,Rack-B2,Cold-Room-1,9,8/21/2026,Ready
TRF-2026068,07-834-3320,Rack-C1,Production Floor,14,6/11/2026,Ready
TRF-2026069,17-647-0503,Cold-Room-1,Dispatch Bay,29,3/1/2026,Ready
TRF-2026070,09-335-7793,Production Floor,Main Store,19,7/19/2026,Ready
TRF-2026071,46-083-7058,Dispatch Bay,Rack-A1,8,3/18/2026,Ready
TRF-2026072,79-920-2395,Main Store,Rack-A2,11,7/9/2026,Ready
TRF-2026073,50-679-2072,Rack-A1,Rack-B1,9,5/3/2026,Ready
TRF-2026074,34-538-1180,Rack-A2,Rack-B2,12,5/10/2026,Ready
TRF-2026075,28-968-4195,Rack-B1,Rack-C1,10,6/27/2026,Ready
TRF-2026076,86-692-2312,Rack-B2,Cold-Room-1,22,8/10/2026,Draft
TRF-2026077,42-220-9305,Rack-C1,Production Floor,24,9/21/2026,Draft
TRF-2026078,68-418-6724,Cold-Room-1,Dispatch Bay,21,3/22/2026,Draft
TRF-2026079,70-612-2531,Production Floor,Main Store,22,5/22/2026,Draft
TRF-2026080,46-520-1819,Dispatch Bay,Rack-A1,8,4/9/2026,Draft
